,Gene,Chr,Pos,Strand,DistanceTSS,Strength,Condition
1,FCF1,chr4,1130257,-,-310,14.429487179487179,Ypd
2,KAE1,chr11,519289,-,-187,13.08970099667774,Ypd
3,YGL039W,chr7,441082,+,-675,12.30716723549488,Ypd
4,PRP21,chr10,43034,+,935,10.946372239747634,Ypd
5,ECM25,chr10,43034,+,-134,10.946372239747634,Ypd
6,MRPS18,chr14,47963,+,-304,9.046296296296296,Ypd
7,MCK1,chr14,47963,-,-86,9.046296296296296,Ypd
8,MET18,chr9,107738,+,-280,10.319767441860465,Ypd
9,TAO3,chr9,107738,-,-105,10.319767441860465,Ypd
10,YGL039W,chr7,441097,+,-660,11.34470989761092,Ypd
11,VNX1,chr14,24714,+,-94,9.183673469387754,Ypd
12,KRE1,chr14,24714,-,-323,9.183673469387754,Ypd
13,ACT1,chr6,55089,-,355,7.956709956709957,Ypd
14,MPC2,chr8,422917,+,-333,9.968152866242038,Ypd
15,YAP1801,chr8,422917,-,-135,9.968152866242038,Ypd
16,TDA9,chr13,98851,+,-295,11.09375,Ypd
17,ATP18,chr13,98851,-,-133,11.09375,Ypd
18,BDF2,chr4,330562,+,-143,8.02030456852792,Ypd
19,YET3,chr4,330562,-,-348,8.02030456852792,Ypd
20,MSS4,chr4,847536,+,-213,9.885185185185184,Ypd
21,UME6,chr4,847536,-,-276,9.885185185185184,Ypd
22,CDC42,chr12,565137,-,-327,10.0,Ypd
23,TFA1,chr11,391411,+,-303,7.3764434180138565,Ypd
24,MAE1,chr11,391411,-,-637,7.3764434180138565,Ypd
25,GDH2,chr4,73335,-,506,9.82509505703422,Ypd
26,PRC1,chr13,838125,+,-593,8.269794721407624,Ypd
27,LCB1,chr13,838125,-,-249,8.269794721407624,Ypd
28,SLA2,chr14,177798,+,-105,7.290167865707433,Ypd
29,SUI1,chr14,177798,-,-355,7.290167865707433,Ypd
30,HST1,chr15,195913,-,-113,8.12316715542522,Ypd
31,RTG1,chr15,195913,-,607,8.12316715542522,Ypd
32,QCR6,chr6,227265,-,-376,7.70958904109589,Ypd
33,PHO4,chr6,227265,-,742,7.70958904109589,Ypd
34,GSC2,chr7,566303,+,506,8.412698412698413,Ypd
35,COA3,chr10,299874,+,-88,8.215384615384615,Ypd
36,LAS21,chr10,299874,+,-667,8.215384615384615,Ypd
37,MRPL8,chr10,299874,-,-92,8.215384615384615,Ypd
38,FMP33,chr10,105339,+,-646,8.059701492537313,Ypd
39,JJJ2,chr10,105339,-,-904,8.059701492537313,Ypd
40,KRE9,chr10,83565,+,-202,7.5,Ypd
41,SWI3,chr10,83565,-,-188,7.5,Ypd
42,CCT6,chr4,815841,+,-178,7.616438356164384,Ypd
43,SND1,chr4,815841,-,-644,7.616438356164384,Ypd
44,FAS1,chr11,106355,+,-444,8.286173633440514,Ypd
45,RGD2,chr6,40943,+,-98,8.410596026490067,Ypd
46,EMP47,chr6,40943,-,-102,8.410596026490067,Ypd
47,YCH1,chr7,931832,+,324,8.703180212014134,Ypd
48,ADE3,chr7,931832,+,-353,8.703180212014134,Ypd
49,PCT1,chr7,931832,-,-788,8.703180212014134,Ypd
50,RPS22B,chr12,815204,+,-101,7.906906906906908,Ypd
51,IRC13,chr15,775132,+,694,7.860534124629079,Ypd
52,DFR1,chr15,775132,+,-91,7.860534124629079,Ypd
53,UBP6,chr6,166654,+,-104,8.829710144927535,Ypd
54,SSF2,chr4,1066807,+,-135,8.413793103448276,Ypd
55,BDF1,chr12,880952,-,148,6.540178571428572,Ypd
56,PTR3,chr6,212285,+,-602,7.553516819571865,Ypd
57,CDC14,chr6,212285,-,-109,7.553516819571865,Ypd
58,PHM8,chr5,226451,+,-264,7.876712328767123,Ypd
59,ARB1,chr5,226451,-,-348,7.876712328767123,Ypd
60,FCF1,chr4,1130040,-,-93,7.708609271523179,Ypd
61,GMH1,chr11,505937,+,-227,7.97864768683274,Ypd
62,SET3,chr11,505937,-,-158,7.97864768683274,Ypd
63,COX6,chr8,205919,+,-218,7.992857142857143,Ypd
64,FMP45,chr4,62118,-,-338,7.86231884057971,Ypd
65,YLR283W,chr12,664202,+,-521,8.06949806949807,Ypd
66,YLR278C,chr12,664202,-,-590,8.06949806949807,Ypd
67,RSO55,chr12,664202,-,326,8.06949806949807,Ypd
68,CCT4,chr4,199552,+,-123,6.307888040712469,Ypd
69,YDL144C,chr4,199552,-,-71,6.307888040712469,Ypd
70,YSP2,chr4,1104620,-,-117,6.870769230769231,Ypd
71,SKP1,chr4,1104620,-,857,6.870769230769231,Ypd
72,LAG2,chr15,268612,+,-233,7.854901960784314,Ypd
73,MDM38,chr15,268612,-,-935,7.854901960784314,Ypd
74,MIM1,chr15,268612,-,-298,7.854901960784314,Ypd
75,YPR148C,chr16,836454,-,-138,6.746987951807228,Ypd
76,ASN1,chr16,830287,+,-396,7.34982332155477,Ypd
77,NOC4,chr16,830287,-,-712,7.34982332155477,Ypd
78,RPL8B,chr12,32593,-,994,6.085858585858586,Ypd
79,MET13,chr7,290188,+,-291,6.537313432835821,Ypd
80,DAS1,chr10,125133,+,-951,6.649068322981366,Ypd
81,INO1,chr10,125133,-,-436,6.649068322981366,Ypd
82,SNA3,chr10,125133,-,432,6.649068322981366,Ypd
83,IRC19,chr12,58234,+,-81,6.282485875706215,Ypd
84,RIX7,chr12,58234,-,-134,6.282485875706215,Ypd
85,SCD6,chr16,800675,+,-92,6.242937853107345,Ypd
86,ANT1,chr16,800675,-,-309,6.242937853107345,Ypd
87,MCO10,chr15,370788,+,-630,7.071428571428571,Ypd
88,HSP10,chr15,370788,-,-129,7.071428571428571,Ypd
89,STE7,chr4,172142,+,-103,6.982456140350878,Ypd
90,DHH1,chr4,172142,-,-118,6.982456140350878,Ypd
91,MHR1,chr4,1034434,+,-128,6.688524590163935,Ypd
92,HDA2,chr4,1034434,-,-121,6.688524590163935,Ypd
93,QCR9,chr7,885995,-,-167,6.57051282051282,Ypd
94,SRN2,chr12,363664,+,-932,7.186311787072243,Ypd
95,CLF1,chr12,363664,-,-88,7.186311787072243,Ypd
96,TML25,chr12,363664,-,807,7.186311787072243,Ypd
97,PTR3,chr6,212656,+,-231,6.304347826086956,Ypd
98,CDC14,chr6,212656,-,-480,6.304347826086956,Ypd
99,ERG1,chr7,874572,-,234,6.7730496453900715,Ypd
100,NHX1,chr4,1346512,+,-119,6.7368421052631575,Ypd
101,GUK1,chr4,1346512,-,-480,6.7368421052631575,Ypd
102,NCE103,chr14,549209,+,-266,6.845588235294118,Ypd
103,IDH1,chr14,549209,-,-390,6.845588235294118,Ypd
104,GPR1,chr4,392326,-,-313,6.521739130434783,Ypd
105,GRX6,chr4,431311,+,-662,5.17467248908297,Ypd
106,YDL012C,chr4,431311,-,-106,5.17467248908297,Ypd
107,PRP8,chr8,437494,-,-79,6.9581749049429655,Ypd
108,TRM9,chr13,226776,+,800,4.510238907849829,Ypd
109,UBX2,chr13,226776,+,-130,4.510238907849829,Ypd
110,TAF11,chr13,226776,-,-947,4.510238907849829,Ypd
111,LSM7,chr14,339996,+,-751,5.8192090395480225,Ypd
112,PGA2,chr14,339996,-,-338,5.8192090395480225,Ypd
113,ALF1,chr14,339996,-,570,5.8192090395480225,Ypd
114,MRPS18,chr14,48165,+,-102,5.262910798122065,Ypd
115,MCK1,chr14,48165,-,-288,5.262910798122065,Ypd
116,AAT2,chr12,183298,-,-136,4.4448160535117065,Ypd
117,LDB19,chr15,915708,-,-96,6.306666666666667,Ypd
118,SSM4,chr9,288572,-,-197,7.09016393442623,Ypd
119,PRD1,chr3,24282,+,-128,6.889763779527559,Ypd
120,MIC10,chr3,24282,-,-282,6.889763779527559,Ypd
121,IDP2,chr12,464084,+,-353,6.207792207792207,Ypd
122,MIA40,chr11,82115,+,-186,5.799426934097421,Ypd
123,YKT6,chr11,82115,-,-20,5.799426934097421,Ypd
124,RAD23,chr5,83848,-,-121,4.7749510763209395,Ypd
125,RIM9,chr13,369022,+,799,6.0559006211180115,Ypd
126,AEP1,chr13,369022,+,-131,6.0559006211180115,Ypd
127,NCE103,chr14,549157,+,-318,6.5735294117647065,Ypd
128,IDH1,chr14,549157,-,-338,6.5735294117647065,Ypd
129,RPC19,chr14,402457,+,-98,4.598130841121495,Ypd
130,DBP2,chr14,402457,+,-957,4.598130841121495,Ypd
131,YNL115C,chr14,402457,-,-535,4.598130841121495,Ypd
132,MRPL16,chr2,146247,+,-106,5.440318302387268,Ypd
133,URA7,chr2,146247,-,-204,5.440318302387268,Ypd
134,KRE6,chr16,859109,+,-436,6.903765690376569,Ypd
135,ROX1,chr16,686985,+,-797,6.810699588477366,Ypd
136,YPR063C,chr16,686985,-,-493,6.810699588477366,Ypd
137,WSC4,chr8,45058,+,-532,5.626822157434403,Ypd
138,OCA5,chr8,45058,-,-159,5.626822157434403,Ypd
139,RPN4,chr4,416732,-,-109,5.802469135802469,Ypd
140,BUR6,chr5,486631,-,-240,6.5,Ypd
141,YTA7,chr7,1053045,+,-457,5.555232558139535,Ypd
142,FOL2,chr7,1053045,-,-903,5.555232558139535,Ypd
143,HUA1,chr7,1053045,-,-101,5.555232558139535,Ypd
144,SEC11,chr9,393856,+,964,5.4341736694677865,Ypd
145,DAL81,chr9,393856,+,-93,5.4341736694677865,Ypd
146,PMA2,chr16,490338,+,-594,5.418994413407821,Ypd
147,EGD1,chr16,490338,-,-183,5.418994413407821,Ypd
148,DPP1,chr4,1011223,-,-120,4.812362030905078,Ypd
149,MIC60,chr11,475396,+,-208,6.153024911032029,Ypd
150,KIN2,chr12,311306,+,-102,5.098984771573605,Ypd
151,IOC2,chr12,311306,-,-133,5.098984771573605,Ypd
152,MIX17,chr13,254744,+,-160,5.483870967741935,Ypd
153,CDC5,chr13,254744,-,-496,5.483870967741935,Ypd
154,TIM10,chr8,107016,-,-184,6.332046332046333,Ypd
155,VBA2,chr2,780642,+,-15,6.4344262295081975,Ypd
156,FRA1,chr12,67070,+,796,5.935483870967742,Ypd
157,RPB8,chr15,755760,-,-119,4.821002386634845,Ypd
158,ISU2,chr15,755760,-,684,4.821002386634845,Ypd
159,PEX1,chr11,81181,-,-773,5.8075601374570445,Ypd
160,YKT6,chr11,81181,-,914,5.8075601374570445,Ypd
161,ARP9,chr13,320400,+,-107,5.598705501618123,Ypd
162,STI1,chr15,380608,+,-190,5.046575342465753,Ypd
163,MTQ1,chr14,497171,+,-343,5.252225519287833,Ypd
164,YDJ1,chr14,497171,-,-163,5.252225519287833,Ypd
165,LSM4,chr5,387732,+,-115,5.627118644067797,Ypd
166,SWI4,chr5,387732,-,-832,5.627118644067797,Ypd
167,YGR054W,chr7,619899,+,-181,5.842696629213483,Ypd
168,MCO32,chr7,619899,-,-433,5.842696629213483,Ypd
169,TFG1,chr7,894000,+,-28,4.682926829268292,Ypd
170,TYS1,chr7,894000,-,-166,4.682926829268292,Ypd
171,SUA5,chr7,204212,+,-202,5.984251968503937,Ypd
172,PLN1,chr11,531093,-,-105,5.028248587570622,Ypd
173,CCT3,chr10,390655,+,-115,4.779220779220779,Ypd
174,GIS2,chr14,157880,-,-149,4.95798319327731,Ypd
175,GAL11,chr15,227919,+,-787,5.545454545454545,Ypd
176,SPE2,chr15,227919,-,-313,5.545454545454545,Ypd
177,CDC42,chr12,564961,-,-151,5.7915057915057915,Ypd
178,UTP18,chr10,296105,-,-125,5.174603174603175,Ypd
179,YTA7,chr7,1053392,+,-110,5.057926829268293,Ypd
180,HUA1,chr7,1053392,-,-448,5.057926829268293,Ypd
181,FAR3,chr13,350563,+,-240,5.799180327868853,Ypd
182,MET1,chr11,577211,+,-272,5.373665480427046,Ypd
183,BET3,chr11,577211,-,-350,5.373665480427046,Ypd
184,AUR1,chr11,441086,+,-129,4.366197183098591,Ypd
185,BYE1,chr11,441086,-,-107,4.366197183098591,Ypd
186,MRP4,chr8,89209,+,-827,4.909638554216867,Ypd
187,STE20,chr8,89209,-,-239,4.909638554216867,Ypd
188,SHU1,chr8,89209,-,546,4.909638554216867,Ypd
189,YJU3,chr11,269511,+,-144,5.338078291814947,Ypd
190,RSC1,chr7,625055,+,-116,4.45273631840796,Ypd
191,GIS1,chr4,622287,+,-644,5.521235521235521,Ypd
192,MSN1,chr15,99489,+,-116,4.952978056426333,Ypd
193,PFK1,chr7,1000921,-,-686,5.430711610486892,Ypd
194,DDP1,chr15,637639,+,574,5.478927203065134,Ypd
195,DMA2,chr14,398003,+,-111,4.358353510895884,Ypd
196,SFP1,chr12,884276,+,-110,4.968152866242038,Ypd
197,DUS3,chr12,884276,-,-328,4.968152866242038,Ypd
198,HXK2,chr7,29780,+,-435,4.661016949152542,Ypd
199,AIM29,chr11,584984,+,-130,4.967532467532467,Ypd
200,SIS2,chr11,584984,-,-774,4.967532467532467,Ypd
201,JEN1,chr11,28045,+,-658,5.177935943060498,Ypd
202,SEM1,chr4,1181352,+,-141,4.967105263157895,Ypd
203,DBP6,chr14,685151,+,-118,4.057649667405765,Ypd
204,MRPS12,chr14,685151,-,-641,4.057649667405765,Ypd
205,RSM19,chr14,685151,-,-130,4.057649667405765,Ypd
206,FHL1,chr16,744949,-,-122,5.346303501945526,Ypd
207,SCS22,chr2,47570,-,-81,4.200477326968974,Ypd
208,SEC14,chr13,396036,+,-114,4.7239263803680975,Ypd
209,CTF18,chr13,396036,-,-88,4.7239263803680975,Ypd
210,CFD1,chr9,343202,+,-107,5.284046692607005,Ypd
211,PRY1,chr10,275165,-,-959,4.82084690553746,Ypd
212,SEC21,chr14,81807,+,-136,3.991130820399113,Ypd
213,BUD31,chr3,241191,+,-272,4.716981132075472,Ypd
214,ROM2,chr12,821865,+,-133,5.173745173745174,Ypd
215,ARC18,chr12,821865,-,-92,5.173745173745174,Ypd
216,YVC1,chr15,487386,+,-148,5.215686274509804,Ypd
217,TCB1,chr15,487386,-,-515,5.215686274509804,Ypd
218,RBS1,chr4,121730,+,-155,4.94661921708185,Ypd
219,UFD2,chr4,121730,-,-81,4.94661921708185,Ypd
220,MLS1,chr14,395628,+,-501,4.373259052924792,Ypd
221,DCP2,chr14,395628,-,-167,4.373259052924792,Ypd
222,RPC17,chr10,398250,-,-203,4.963768115942028,Ypd
223,DPM1,chr16,903728,+,959,5.313807531380753,Ypd
224,GDB1,chr16,903728,+,-332,5.313807531380753,Ypd
225,SSH1,chr2,764307,-,-184,4.616613418530351,Ypd
226,ECM33,chr2,382163,+,-406,4.2328042328042335,Ypd
227,SLM4,chr2,382163,-,-207,4.2328042328042335,Ypd
228,LTV1,chr11,183022,+,-91,4.358974358974359,Ypd
229,RPC25,chr11,183022,-,-91,4.358974358974359,Ypd
230,HIS3,chr15,717078,+,815,3.4608695652173913,Ypd
231,DED1,chr15,717078,+,-154,3.4608695652173913,Ypd
232,HEL2,chr4,981796,-,-154,5.01930501930502,Ypd
233,SOF1,chr12,112296,+,-97,3.8392857142857144,Ypd
234,RIM9,chr13,367859,+,-364,4.536741214057508,Ypd
235,ARG7,chr13,367859,-,-224,4.536741214057508,Ypd
236,MCM16,chr16,664829,+,-105,5.104602510460252,Ypd
237,MSF1,chr16,664829,+,-803,5.104602510460252,Ypd
238,THP3,chr16,664829,-,-79,5.104602510460252,Ypd
239,HEK2,chr2,160209,+,-125,4.847328244274809,Ypd
240,RIB1,chr2,160209,-,-248,4.847328244274809,Ypd
241,RPS23A,chr7,750995,+,556,4.041994750656168,Ypd
242,UBP10,chr14,279496,+,288,4.705882352941177,Ypd
243,IPP1,chr2,253809,-,-167,3.854014598540146,Ypd
244,MRPS35,chr7,855039,+,-316,4.84251968503937,Ypd
245,NCE103,chr14,550428,+,953,4.639705882352941,Ypd
246,RPN5,chr4,190538,+,-153,4.262345679012346,Ypd
247,NOP14,chr4,190538,-,-112,4.262345679012346,Ypd
248,MRPL28,chr4,1365829,+,621,3.3451327433628317,Ypd
249,STP1,chr4,1365829,+,-131,3.3451327433628317,Ypd
250,CMI8,chr4,1365829,-,-856,3.3451327433628317,Ypd
251,YGR067C,chr7,648915,-,-478,4.724409448818898,Ypd
252,YBR197C,chr2,603239,-,358,4.063953488372094,Ypd
253,GPN2,chr15,811477,+,-83,4.552238805970149,Ypd
254,RPN8,chr15,811477,-,-98,4.552238805970149,Ypd
255,ADO1,chr10,618446,+,-88,4.087613293051359,Ypd
256,SOD1,chr10,618446,-,-404,4.087613293051359,Ypd
257,ASN2,chr7,762648,+,-737,4.614173228346457,Ypd
258,PPT1,chr7,762648,-,-936,4.614173228346457,Ypd
259,YGR054W,chr7,619778,+,-302,4.4609665427509295,Ypd
260,MCO32,chr7,619778,-,-312,4.4609665427509295,Ypd
261,YDR262W,chr4,972280,+,-246,4.474903474903475,Ypd
262,ERG3,chr12,232352,+,-515,4.330827067669173,Ypd
263,SPT8,chr12,232352,-,-141,4.330827067669173,Ypd
264,AIM29,chr11,584347,+,-767,3.8823529411764706,Ypd
265,SIS2,chr11,584347,-,-137,3.8823529411764706,Ypd
266,ARP5,chr14,504787,-,-118,4.286764705882353,Ypd
267,YJR115W,chr10,635480,+,385,3.7534246575342465,Ypd
268,TDA4,chr10,635480,+,-202,3.7534246575342465,Ypd
269,ADH3,chr13,405647,+,-315,4.231617647058823,Ypd
270,GLN1,chr16,649718,+,-530,3.3771929824561404,Ypd
271,YMR206W,chr13,652771,+,-367,3.97741935483871,Ypd
272,PFK2,chr13,652771,-,-548,3.97741935483871,Ypd
273,ERV14,chr7,419451,-,-198,4.3700787401574805,Ypd
274,THI4,chr7,803496,+,-661,4.3700787401574805,Ypd
275,DNF1,chr5,506458,+,-107,4.033670033670034,Ypd
276,DFG10,chr9,249364,+,889,4.086021505376344,Ypd
277,NEO1,chr9,249364,+,-95,4.086021505376344,Ypd
278,SAS5,chr15,739823,-,-95,4.027777777777778,Ypd
279,NHP6A,chr16,674303,-,-161,4.351464435146444,Ypd
280,PAB1,chr5,504136,+,-216,3.5597826086956523,Ypd
281,YRB1,chr4,452502,+,-178,4.065934065934066,Ypd
282,NTH1,chr4,452502,-,-156,4.065934065934066,Ypd
283,NHP2,chr4,87238,+,-106,4.153846153846154,Ypd
284,GLE1,chr4,87238,+,-849,4.153846153846154,Ypd
285,CWC2,chr4,87238,-,-110,4.153846153846154,Ypd
286,GCN5,chr7,1022910,+,-167,3.4625322997416017,Ypd
287,NCP1,chr8,186781,+,-227,3.811074918566775,Ypd
288,THR4,chr3,229655,+,-159,3.689024390243903,Ypd
289,FIP1,chr10,599378,-,-81,3.3698979591836733,Ypd
290,ECM13,chr2,136496,+,-339,3.992248062015504,Ypd
291,COR1,chr2,136496,-,-510,3.992248062015504,Ypd
292,GCD6,chr4,864103,+,-208,3.976833976833977,Ypd
293,SSZ1,chr8,227762,-,-108,3.5542168674698793,Ypd
294,FLC2,chr1,34590,+,-430,3.6877076411960132,Ypd
295,ACS1,chr1,34590,-,-250,3.6877076411960132,Ypd
296,KAP95,chr12,786250,-,-169,3.6877076411960132,Ypd
297,UTP13,chr12,541725,-,-103,3.426966292134831,Ypd
298,NOG2,chr14,712979,-,-162,3.5962145110410098,Ypd
299,LYS4,chr4,910316,+,-365,3.4939759036144573,Ypd
300,RTN1,chr4,910316,-,-319,3.4939759036144573,Ypd
301,APC11,chr4,433958,+,811,3.3333333333333335,Ypd
302,HCR1,chr12,499745,-,-267,3.618243243243243,Ypd
303,UPS1,chr12,499745,-,652,3.618243243243243,Ypd
304,MDM20,chr15,180883,+,-110,3.355113636363636,Ypd
305,BRX1,chr15,180883,-,-141,3.355113636363636,Ypd
306,MDM20,chr15,180729,+,-264,3.349431818181818,Ypd
307,BRX1,chr15,180729,-,13,3.349431818181818,Ypd
308,PUT4,chr15,982754,-,310,3.843137254901961,Ypd
309,TRM13,chr15,83291,+,-329,3.2785515320334264,Ypd
310,MDH2,chr15,83291,-,-359,3.2785515320334264,Ypd
311,PDR16,chr14,207518,-,-418,3.545150501672241,Ypd
312,CAR1,chr16,347251,+,-965,3.8493723849372388,Ypd
313,PEX25,chr16,347251,-,-260,3.8493723849372388,Ypd
314,PRE1,chr5,178047,+,-629,3.730769230769231,Ypd
315,ERG3,chr12,232499,+,-368,3.6946564885496183,Ypd
316,SPT8,chr12,232499,-,-288,3.6946564885496183,Ypd
317,URA10,chr13,785192,-,-672,3.7704918032786887,Ypd
318,PDS5,chr13,391816,-,-503,3.7622950819672134,Ypd
319,VMA3,chr5,101118,+,-501,3.264094955489614,Ypd
320,MCD4,chr11,147477,-,-311,3.5231316725978647,Ypd
321,GMH1,chr11,506176,+,12,3.5160142348754446,Ypd
322,SET3,chr11,506176,-,-397,3.5160142348754446,Ypd
323,YCR006C,chr3,128749,-,-611,3.5661764705882355,Ypd
324,TSL1,chr13,64427,+,-693,3.551470588235294,Ypd
325,CUE4,chr13,64427,-,282,3.551470588235294,Ypd
326,RRP8,chr4,598175,+,-103,3.6293436293436296,Ypd
327,SMC5,chr15,253739,+,-107,3.5433962264150947,Ypd
328,YOL019W,chr15,282206,+,-501,3.607843137254902,Ypd
329,SNF7,chr12,179257,+,-170,2.6591337099811674,Ypd
330,CLB6,chr7,730619,-,-551,3.582677165354331,Ypd
331,MRS3,chr10,148597,+,-688,3.524904214559387,Ypd
332,DPI8,chr10,148597,-,30,3.524904214559387,Ypd
333,CDC24,chr1,51953,+,-84,3.0494505494505497,Ypd
334,DIA3,chr4,410097,-,-558,3.5135135135135136,Ypd
335,TIF4631,chr7,849823,+,-493,3.5433070866141736,Ypd
336,TIF1,chr11,560697,+,-162,3.2781456953642385,Ypd
337,RKM3,chr2,287702,+,-205,2.9460154241645244,Ypd
338,CDS1,chr2,287702,-,-241,2.9460154241645244,Ypd
339,NOT5,chr16,697761,+,-379,3.5983263598326363,Ypd
340,RHO1,chr16,877060,+,-171,3.5983263598326363,Ypd
341,IGD1,chr6,185572,-,-516,3.369565217391304,Ypd
342,YFR018C,chr6,185572,-,843,3.369565217391304,Ypd
343,AMD2,chr4,925956,+,-389,3.4362934362934365,Ypd
344,YER158C,chr5,485519,-,-481,3.4000000000000004,Ypd
345,BUR6,chr5,485519,-,872,3.4000000000000004,Ypd
346,CBP4,chr7,871987,-,682,3.370786516853933,Ypd
347,VHR1,chr9,237234,+,-797,3.4574898785425106,Ypd
348,RGI2,chr9,237234,-,-423,3.4574898785425106,Ypd
349,ZEO1,chr15,110906,+,738,3.411764705882353,Ypd
350,INO4,chr15,110906,-,905,3.411764705882353,Ypd
351,YEH1,chr12,110043,+,-319,2.926829268292683,Ypd
352,PUF3,chr12,110043,-,-174,2.926829268292683,Ypd
353,PRY3,chr10,276541,-,781,3.081761006289308,Ypd
354,RPT2,chr4,437492,+,-181,3.2954545454545454,Ypd
355,GPP1,chr9,242691,+,-718,2.904494382022472,Ypd
356,YIL055C,chr9,242691,-,-388,2.904494382022472,Ypd
357,RPS23B,chr16,803843,+,785,3.009118541033435,Ypd
358,CBT1,chr11,53275,+,-390,3.202846975088968,Ypd
359,STE6,chr11,53275,-,-436,3.202846975088968,Ypd
360,MDV1,chr10,188062,+,-498,3.2950191570881224,Ypd
361,SRP1,chr14,273783,+,-186,3.120805369127517,Ypd
362,IRC13,chr15,774750,+,312,2.9183673469387754,Ypd
363,DFR1,chr15,774750,+,-473,2.9183673469387754,Ypd
364,RPL33B,chr15,774750,-,-982,2.9183673469387754,Ypd
365,CAB2,chr9,199485,-,-936,3.1054421768707483,Ypd
366,JJJ2,chr10,104720,-,-285,2.946902654867257,Ypd
367,JJJ2,chr10,104786,-,-351,2.9233038348082596,Ypd
368,GLC7,chr5,431785,+,-828,3.269230769230769,Ypd
369,NUP2,chr12,756764,+,-176,2.613390928725702,Ypd
370,RPS25B,chr12,756764,-,-857,2.613390928725702,Ypd
371,SGO1,chr15,464411,+,-178,3.2941176470588234,Ypd
372,CAR1,chr16,347895,+,-321,3.319838056680162,Ypd
373,PEX25,chr16,347895,-,-904,3.319838056680162,Ypd
374,RPB7,chr4,1255878,-,866,2.743073047858942,Ypd
375,EFT2,chr4,1222189,+,-372,3.2432432432432434,Ypd
376,ATO3,chr4,1222189,-,-705,3.2432432432432434,Ypd
377,FLX1,chr9,91078,+,-547,2.7821522309711284,Ypd
378,VHS2,chr9,91078,-,-353,2.7821522309711284,Ypd
379,SSB2,chr14,241740,+,-200,3.063973063973064,Ypd
380,PIK1,chr14,130622,+,-158,2.814207650273224,Ypd
381,HAA1,chr16,580500,+,-392,3.3054393305439334,Ypd
382,SNF7,chr12,179345,+,-82,2.4261682242990656,Ypd
383,NPR3,chr8,59693,-,-206,3.252032520325203,Ypd
384,DCD1,chr8,389283,-,-158,3.252032520325203,Ypd
385,SAT4,chr3,132913,+,-224,3.292372881355932,Ypd
386,COG2,chr7,754673,-,-331,2.832369942196532,Ypd
387,IML1,chr10,678918,+,-588,3.1379310344827585,Ypd
388,MET5,chr10,678918,-,-600,3.1379310344827585,Ypd
389,NAB2,chr7,298775,-,-152,2.538975501113586,Ypd
390,GPG1,chr7,298775,-,490,2.538975501113586,Ypd
391,IRR1,chr9,296401,-,-124,3.168032786885246,Ypd
392,CLU1,chr13,273608,+,-159,3.180327868852459,Ypd
393,CIT1,chr14,621568,-,-708,3.0514705882352944,Ypd
394,RPL37A,chr12,483337,+,855,2.9547038327526134,Ypd
395,EMG1,chr12,483337,+,-78,2.9547038327526134,Ypd
396,TYW3,chr7,423418,+,-237,3.110236220472441,Ypd
397,MSP1,chr7,559856,+,-282,3.110236220472441,Ypd
398,CDC26,chr6,228725,+,-230,2.742857142857143,Ypd
399,PHO4,chr6,228725,-,-718,2.742857142857143,Ypd
400,VOA1,chr7,724215,-,-872,2.4335378323108383,Ypd
401,ERV46,chr1,50401,+,-160,2.627551020408163,Ypd
402,PTA1,chr1,50401,-,-57,2.627551020408163,Ypd
403,THI20,chr15,220597,-,-512,3.0901960784313722,Ypd
404,TRM112,chr14,697327,+,-127,2.701949860724234,Ypd
405,FPK1,chr14,697327,+,-815,2.701949860724234,Ypd
406,TIM9,chr5,118722,+,659,3.0153846153846158,Ypd
407,TCM62,chr2,316497,-,-709,3.114754098360656,Ypd
408,EGH1,chr9,364681,+,-215,3.098360655737705,Ypd
409,PAN1,chr9,364681,-,-513,3.098360655737705,Ypd
410,GIS4,chr13,241942,-,-616,3.114754098360656,Ypd
411,CAP1,chr11,435135,+,-124,2.79874213836478,Ypd
412,LAC1,chr11,435135,-,-557,2.79874213836478,Ypd
413,SKN1,chr7,797849,+,-542,3.0275590551181106,Ypd
414,NCS2,chr14,390631,+,-235,2.8428093645484953,Ypd
415,TOM70,chr14,390631,-,-212,2.8428093645484953,Ypd
416,PCS60,chr2,662261,-,-297,3.0737704918032787,Ypd
417,PUB1,chr14,592067,+,-497,2.9411764705882355,Ypd
418,MRPL4,chr12,967920,+,-347,2.872791519434629,Ypd
419,LSM3,chr12,967920,-,151,2.872791519434629,Ypd
420,ARG80,chr13,335107,+,-161,3.0491803278688527,Ypd
421,ARA2,chr13,335107,-,-354,3.0491803278688527,Ypd
422,SEM1,chr4,1181184,+,-309,2.7358490566037736,Ypd
423,MID2,chr12,749493,+,-352,2.8424657534246576,Ypd
424,REF2,chr4,827951,+,-58,2.9729729729729732,Ypd
425,MSS116,chr4,827951,-,-333,2.9729729729729732,Ypd
426,RPA135,chr16,590278,-,-854,2.8727272727272726,Ypd
427,MIN8,chr16,590278,-,669,2.8727272727272726,Ypd
428,PGM1,chr11,209370,+,-470,2.8469750889679712,Ypd
429,SCT1,chr2,204048,+,-304,2.888888888888889,Ypd
430,TIM13,chr7,883683,+,-866,2.923076923076923,Ypd
431,ERV15,chr2,638813,+,-303,2.9549180327868854,Ypd
432,RAD7,chr10,521753,+,-129,2.911877394636015,Ypd
433,YOR289W,chr15,848538,+,845,2.9411764705882355,Ypd
434,POM152,chr13,505197,+,-30,2.9918032786885247,Ypd
435,SEC18,chr2,390654,-,-116,2.751677852348993,Ypd
436,TSR1,chr4,341029,+,-266,2.558659217877095,Ypd
437,RPS29B,chr4,341029,-,-94,2.558659217877095,Ypd
438,MIC19,chr6,169273,-,-210,2.826086956521739,Ypd
439,GLD1,chr16,752448,+,-267,2.67524115755627,Ypd
440,ALG13,chr7,430219,+,852,2.9133858267716537,Ypd
441,RSM26,chr10,612977,+,-212,2.8505747126436782,Ypd
442,AIM25,chr10,612977,-,-655,2.8505747126436782,Ypd
443,YML053C,chr13,163331,-,978,2.9508196721311477,Ypd
444,HYM1,chr11,90650,+,-407,2.7402135231316724,Ypd
445,PMT7,chr4,1054898,+,-327,2.845559845559846,Ypd
446,YDR306C,chr4,1054898,-,-269,2.845559845559846,Ypd
447,YFR016C,chr6,182730,-,-158,2.789855072463768,Ypd
448,FCY2,chr5,269022,-,-300,2.691029900332226,Ypd
449,SPT7,chr2,395546,-,-527,2.9098360655737707,Ypd
450,GPH1,chr16,862584,+,-726,2.9288702928870296,Ypd
451,RPS23B,chr16,803661,+,603,2.536873156342183,Ypd
452,ERP2,chr1,128443,-,-812,2.5558823529411767,Ypd
453,BMH2,chr4,632343,+,-847,2.803088803088803,Ypd
454,ARO8,chr7,134074,+,-382,2.834645669291339,Ypd
455,MIX23,chr2,9955,-,910,2.8688524590163937,Ypd
456,YOR131C,chr15,571879,-,912,2.788235294117647,Ypd
457,SNA2,chr4,1470062,+,312,2.259414225941423,Ypd
458,RBA50,chr4,1470062,+,-201,2.259414225941423,Ypd
459,NMA1,chr12,743968,+,-274,2.7760617760617765,Ypd
460,TMA10,chr12,743968,-,-954,2.7760617760617765,Ypd
461,UBP9,chr5,355730,+,-309,2.7615384615384615,Ypd
462,PSH1,chr15,222342,+,-187,2.784313725490196,Ypd
463,GPD2,chr15,210432,+,-677,2.4786324786324787,Ypd
464,MAM3,chr15,210432,-,-258,2.4786324786324787,Ypd
465,MIA40,chr11,82298,+,-3,2.446327683615819,Ypd
466,YKT6,chr11,82298,-,-203,2.446327683615819,Ypd
467,SLO1,chr5,545197,-,-139,2.730769230769231,Ypd
468,YBR056W,chr2,337322,+,-133,2.7868852459016393,Ypd
469,PRP6,chr2,337322,-,-354,2.7868852459016393,Ypd
470,EST3,chr9,330613,-,-148,2.7868852459016393,Ypd
471,CMC4,chr13,629923,-,380,2.553691275167785,Ypd
472,GON7,chr10,72758,+,557,2.595744680851064,Ypd
473,MNN11,chr10,72758,+,-25,2.595744680851064,Ypd
474,ATG36,chr10,72758,-,-929,2.595744680851064,Ypd
475,HMS2,chr10,698707,+,-419,2.265258215962441,Ypd
476,RPS4A,chr10,698707,-,-640,2.265258215962441,Ypd
477,UTP22,chr7,685302,+,-286,2.716535433070866,Ypd
478,YCR016W,chr3,147873,+,-884,2.4216524216524213,Ypd
479,CTO1,chr3,147873,-,-530,2.4216524216524213,Ypd
480,TSR4,chr15,276161,-,-683,2.7058823529411766,Ypd
481,PEX27,chr15,704602,+,-128,2.7058823529411766,Ypd
482,SCS3,chr7,289464,+,393,2.5773195876288657,Ypd
483,SOH1,chr7,289464,-,-562,2.5773195876288657,Ypd
484,ADR1,chr4,873599,+,-527,2.6332046332046333,Ypd
485,FBA1,chr11,333994,-,-461,2.009646302250804,Ypd
486,HRB1,chr14,612400,+,-178,2.374301675977654,Ypd
487,MRP7,chr14,612400,-,-228,2.374301675977654,Ypd
488,MNT3,chr9,320036,+,-134,2.7049180327868854,Ypd
489,YIL014C-A,chr9,320036,-,-190,2.7049180327868854,Ypd
490,RPO41,chr6,59024,+,-185,2.3906705539358604,Ypd
491,YKL069W,chr11,314201,+,890,2.562277580071174,Ypd
492,YKL068W-A,chr11,314201,+,-994,2.562277580071174,Ypd
493,CGR1,chr7,458635,+,718,2.2879177377892033,Ypd
494,SES1,chr4,488514,+,-630,2.602316602316603,Ypd
495,ATG31,chr4,488514,-,-186,2.602316602316603,Ypd
496,HAP5,chr15,1004123,+,-240,2.619607843137255,Ypd
497,SNX3,chr15,1004123,-,-135,2.619607843137255,Ypd
498,VPS71,chr13,184649,-,-295,2.6639344262295084,Ypd
499,UBA2,chr4,1236414,-,-155,2.55984555984556,Ypd
500,UBX6,chr10,332404,-,-487,2.5670498084291187,Ypd
501,YJL047C-A,chr10,332404,-,244,2.5670498084291187,Ypd
502,YIL102C-A,chr9,168184,-,-290,2.6229508196721314,Ypd
503,IZH3,chr12,172584,-,-210,2.5482625482625485,Ypd
504,MRPL10,chr14,94788,-,-797,2.5,Ypd
505,FES1,chr2,432636,-,-150,2.570281124497992,Ypd
506,ATP1,chr2,36776,+,-294,2.5819672131147544,Ypd
507,ATP25,chr13,434810,-,-909,2.5737704918032787,Ypd
508,SVP26,chr8,467388,+,-140,2.5447154471544713,Ypd
509,ARO3,chr4,515078,+,-790,2.494208494208494,Ypd
510,YNL035C,chr14,559596,-,-132,2.463235294117647,Ypd
511,RHB1,chr3,176332,-,-150,2.584745762711864,Ypd
512,HIT1,chr10,528144,+,-161,2.467432950191571,Ypd
513,YJL045W,chr10,338675,+,-575,2.4559386973180075,Ypd
514,MNC1,chr2,340519,+,-355,2.540983606557377,Ypd
515,MRPL3,chr13,303932,+,-737,2.540983606557377,Ypd
516,MSS1,chr13,303932,-,-137,2.540983606557377,Ypd
517,POL32,chr10,507734,-,-275,2.4521072796934864,Ypd
518,UTP20,chr2,222768,+,-398,2.5,Ypd
519,CLB5,chr16,783905,-,-488,2.5104602510460254,Ypd
520,NKP2,chr12,723960,+,-348,2.4324324324324325,Ypd
521,CDC3,chr12,723960,-,-204,2.4324324324324325,Ypd
522,RIB3,chr4,1408500,-,-252,2.4324324324324325,Ypd
523,YAT1,chr1,173825,+,388,2.4788135593220337,Ypd
524,GLN4,chr15,643411,+,-225,2.4313725490196076,Ypd
525,SWT1,chr15,643411,-,-510,2.4313725490196076,Ypd
526,RPS28A,chr15,643411,-,-31,2.4313725490196076,Ypd
527,FBP1,chr12,834936,-,-614,2.379182156133829,Ypd
528,GCN20,chr6,164045,+,-143,2.3550724637681157,Ypd
529,HIS2,chr6,207022,-,-173,2.3550724637681157,Ypd
530,ERG11,chr8,113224,-,-845,2.215568862275449,Ypd
531,SOD2,chr8,113224,-,959,2.215568862275449,Ypd
532,RPL42B,chr8,382224,-,946,2.393822393822394,Ypd
533,UBC8,chr5,132018,+,-572,2.3846153846153846,Ypd
534,PAM16,chr10,211449,+,892,2.3486590038314175,Ypd
535,IML1,chr10,678704,+,-802,2.3409961685823752,Ypd
536,MET5,chr10,678704,-,-386,2.3409961685823752,Ypd
537,PKH2,chr15,122727,+,-282,2.384313725490196,Ypd
538,IZH4,chr15,122727,-,-754,2.384313725490196,Ypd
539,MRPS8,chr13,550347,+,663,2.418032786885246,Ypd
540,AIM36,chr13,550347,-,-849,2.418032786885246,Ypd
541,REV1,chr15,975029,+,-903,2.3529411764705883,Ypd
542,"DUR1,2",chr2,630758,-,-359,2.364754098360656,Ypd
543,YPR063C,chr16,686716,-,-224,2.315175097276265,Ypd
544,RPL26A,chr12,778195,+,-612,2.3106060606060606,Ypd
545,TIM23,chr14,652064,+,-344,2.2743682310469313,Ypd
546,ACC1,chr14,652064,-,-464,2.2743682310469313,Ypd
547,HTA1,chr4,895411,+,365,2.1364985163204744,Ypd
548,ADK1,chr4,895411,+,-606,2.1364985163204744,Ypd
549,RNH203,chr12,427687,-,-304,2.2934362934362933,Ypd
550,BGL2,chr7,1085274,-,-273,2.3070866141732287,Ypd
551,SRP102,chr11,168946,+,989,2.0478723404255317,Ypd
552,INP2,chr13,564099,-,-126,2.336065573770492,Ypd
553,TEN1,chr12,153038,-,-154,2.258687258687259,Ypd
554,YLR283W,chr12,664098,+,-625,2.2393822393822393,Ypd
555,YLR278C,chr12,664098,-,-486,2.2393822393822393,Ypd
556,RSO55,chr12,664098,-,430,2.2393822393822393,Ypd
557,LRP1,chr8,267803,+,-141,2.317073170731707,Ypd
558,LAM4,chr8,267803,-,-329,2.317073170731707,Ypd
559,PTP3,chr5,312501,-,-698,2.269230769230769,Ypd
560,RPS22B,chr12,815485,+,180,2.1009174311926606,Ypd
561,CDC60,chr16,255127,+,-305,2.31404958677686,Ypd
562,BEM4,chr16,255127,-,-322,2.31404958677686,Ypd
563,SGT2,chr15,340113,-,-339,2.2745098039215685,Ypd
564,PRK1,chr9,177708,+,-319,2.295081967213115,Ypd
565,BMT5,chr9,177708,-,-293,2.295081967213115,Ypd
566,PHO23,chr14,432850,-,-600,2.2058823529411766,Ypd
567,BZZ1,chr8,338074,+,-321,2.1978021978021975,Ypd
568,ISC1,chr5,192994,+,-743,2.065868263473054,Ypd
569,AFG3,chr5,192994,-,-234,2.065868263473054,Ypd
570,SPC25,chr5,192994,-,576,2.065868263473054,Ypd
571,BCH2,chr11,496949,+,-271,2.170818505338078,Ypd
572,ZEO1,chr15,110428,+,260,2.219607843137255,Ypd
573,YKU70,chr13,814863,+,-152,2.2540983606557377,Ypd
574,RPB10,chr15,732423,+,-198,2.1653846153846152,Ypd
575,NPT1,chr15,732423,-,-206,2.1653846153846152,Ypd
576,APS3,chr10,379986,-,-126,2.1839080459770113,Ypd
577,HKR1,chr4,1285069,+,-299,2.1621621621621623,Ypd
578,POP2,chr14,710548,-,-181,2.0243055555555554,Ypd
579,SBA1,chr11,226266,+,-329,2.0640569395017794,Ypd
580,VPH2,chr11,226266,-,-682,2.0640569395017794,Ypd
581,YOP1,chr16,630802,+,-845,2.1171548117154813,Ypd
582,PET123,chr15,626277,+,-221,2.0784313725490198,Ypd
583,PUP1,chr15,626277,-,-100,2.0784313725490198,Ypd
584,COG8,chr13,126376,-,-180,2.0901639344262297,Ypd
585,TRM732,chr13,766629,-,-748,2.0901639344262297,Ypd
586,TIF11,chr13,766629,-,174,2.0901639344262297,Ypd
587,HSC82,chr13,609940,+,207,2.0614754098360657,Ypd
588,MET17,chr12,691719,+,-339,2.0463320463320462,Ypd
589,THG1,chr7,549564,-,997,2.0039370078740157,Ypd
590,RPL43A,chr16,662819,+,523,2.0081967213114753,Ypd
591,PUF2,chr16,662819,-,-882,2.0081967213114753,Ypd
